md5hash,label
0844ae634f0e6e7ef1f73c2aeecbae0e,actinic-keratosis
3b290d262098f761d719aa07cf36c040,melanoma
cf561d08ac46d0fda678bff6621005ee,melanoma
e6371069be05c6b0a95b4b3f1bacc9a5,acne-vulgaris
f76cddb37265f97508f159078dcc7e7c,actinic-keratosis
ed522f3617a30ab79fa11e140d442e2d,superficial-spreading-melanoma-ssm
13aa2de8804ae601cd45c1c4cac9bc6f,melanoma
76c6ff58a8babae647dcc37ea074939d,melanoma
d04ce86b818b31edf84e54444ec97295,actinic-keratosis
62c9e3126c690939ea356694a047d23b,acne-vulgaris
1a78edee88e9af57b3f2be343fe14d85,acne-vulgaris
6323e7bf168cb3f170902b24cd05e8c4,melanoma
d261a567da09bf15a7a0e70bba9820dc,keloid
1511867bba2a64f76dc383184e0e92b0,dyshidrotic-eczema
3c4903173b7b1a7c309a1af110685216,actinic-keratosis
c01fbc5996baf26b3ba5db9c785c9436,keloid
ee9728f1e771a1922abe13af66282b41,melanoma
72f9f788233f2c319950f11f67450fb5,kaposi-sarcoma
40a1318214bb8de10ec2cd70ad71f859,squamous-cell-carcinoma
53c015ad50dc837544c7718aa6a96166,acne-vulgaris
29cc6dbc600fb5861d5de1cd057bcae7,kaposi-sarcoma
a9fcbfc827c0c4e9c59f4cd83f2e85c0,acne-vulgaris
a852433b45a05261e7d85043c401dfcc,basal-cell-carcinoma-morpheiform
ce6185287c4b9aabd353be048b379f22,melanoma
d4e34cb55c84345465f5e931ec4e014e,kaposi-sarcoma
972f4b68ef802a2cda7cae086253df3f,dyshidrotic-eczema
4c6e412b4f3f5b743e7fbc2a2c535eef,kaposi-sarcoma
86e4103237a0fff656f3a0be43067f6a,dermatomyositis
5b3fc65be3359e5ad8bbbb319c31596d,basal-cell-carcinoma
d9af63c1c67bc56e4e4c8e69f6eda948,keloid
160dbc3e65bc20f7fa82f27bcd79d60c,melanoma
c861de9262f7289ad4b5730f7ec2a28a,melanoma
72e2febe065d177b01564edeb420e24b,kaposi-sarcoma
3e9e422aca2163c9c46222bd6517432f,dyshidrotic-eczema
1997f41adb38d92f1f3c60a0f75dbd11,basal-cell-carcinoma
0fb5b28ae94cfbebfe16209c00fb5a80,acne-vulgaris
76a5da87f72f5712243ff4bcf52337b6,melanoma
a9b8d91729eee474193f0ffe3fbfb9c8,actinic-keratosis
e923714f9e9f1efa1b8ba453445e699c,acne-vulgaris
ef5f848dedbd999c6b3f14e61a7f0a33,kaposi-sarcoma
a012732fd2caf22e3168ea643b0df97e,dermatomyositis
291bfda376c0ac532fb791d22ae1bb80,pyogenic-granuloma
a2ced0e21e0c6bc98b5553f08829c186,eczema
600410cdc0fcd7be30fbf4f51f92b7cf,prurigo-nodularis
7e70403ded2394eaac014fd61a56edec,eczema
584c4f9057c17656a36c862d527000a3,dermatomyositis
84cd6e1510b7882642588c05b91be5de,pyogenic-granuloma
cc391aff32bf98e352ddaf3c1e6865cb,dermatomyositis
e34386f607ec8fdacae67ce982a6f183,acne-vulgaris
c8e35e39c4662af6d64bb1d937ab048b,keloid
44db8ec026393a9fe950d286824bea30,acne-vulgaris
cef2dd1c93103711aed6687a619e0230,kaposi-sarcoma
c2ef361b2ec9d96245e58507b93e9c51,melanoma
696922f3d6d65bfb880ba2636f96b1d2,basal-cell-carcinoma-morpheiform
71828e02c5def1b432fc028a764c7192,actinic-keratosis
f7f2d6b9bb403a202b9db6a4700619fc,kaposi-sarcoma
81fea66cebcab3f12d43f65058c876fe,actinic-keratosis
06fce53b79b05c19c2d2c8114f280fd1,prurigo-nodularis
6fb6afb84ad3fadb641d9d5673156e93,kaposi-sarcoma
d58edaf3788997fe661996b5a447843c,basal-cell-carcinoma
b147f6189a265ab3cb52ad987cca5064,basal-cell-carcinoma-morpheiform
e03a74d6e3859a7f29e7f77190c50d8f,kaposi-sarcoma
d6bb06a1e377d830f35bd234524fc8cb,acne-vulgaris
4de00b6c7214b5f74d8411fb3d523c0b,acne-vulgaris
62ff0258e565e9fa72d73f267221726c,superficial-spreading-melanoma-ssm
b46b82802868eb1b6c0aa9cca4faa544,basal-cell-carcinoma
bc77d5bcda550d3d7c83377033509be0,acne
b8f7a8261d720585ae60f800b4eaf999,kaposi-sarcoma
e82cda3eeecc9ba74ba226cc1f8efc38,melanoma
794ba49ce953ec987bee17a700f84f00,kaposi-sarcoma
a77037725931ab063ca4592f39cf5993,squamous-cell-carcinoma
366f3497de9c6d68d7e3c684d5d8c1ad,dyshidrotic-eczema
bf86155b08225dea0f2b06a8454a1f94,acne-vulgaris
63b530d653923c1fa20cf2966cd689df,epidermal-nevus
1ca7a0d873e3ebdfbdbe0e22c4d5d485,prurigo-nodularis
3a6a24ba22604e37a8fc8e5c7dfb0b4c,actinic-keratosis
61be413c52eb1d7dad6a93d071f7d52e,folliculitis
c4162a6ed95079874a9b755a5cfe3ccf,melanoma
22d5b9ebf533411edc7d868d5559d0c1,acne-vulgaris
6bf57a76e354ce35747a5e1821ff40dc,basal-cell-carcinoma-morpheiform
704c443b2f7d76de96f0ce1f260828d3,keloid
6762baef7e56c8d76869592b3054ce44,eczema
3310c8f8bb1c974cbf1a3e33969ef039,kaposi-sarcoma
d97e0c3483bab3158be2a9f9ffa3339b,squamous-cell-carcinoma
86665d212e168b26d21f1dc4a8d1f12b,dermatomyositis
01ba602def4506d8bfd5900cccd2ab4d,kaposi-sarcoma
78f7aa34121056c99c153fc5ba921708,acne-vulgaris
1a9e904ebc92a8322d12a24a79b02b61,melanoma
5fa874b5fcba73713df72302a915df7c,superficial-spreading-melanoma-ssm
5a7fda42a38599f347ae2e65dcf51879,basal-cell-carcinoma
220dec60e4841b303a359de5b249af6c,actinic-keratosis
6fcd734b5541c09f54590f97183cb18e,acne-vulgaris
40abd94119ad5fbeabd6ae00e30e31f7,acne
96861ac5c134a53d218efc9d7fbabe4d,dermatomyositis
bc5ed788e051faaead09226435ebf060,pyogenic-granuloma
54aa2f1bf36b27de991db5cd358bde06,dermatomyositis
269712d911c7baf3c2e41d88c5845851,acne-vulgaris
1ed53774dfae21b81495cab1d16f1149,melanoma
e54daa4b483474920f81739c264c1efc,melanoma
7494f71845aa6663c050f6c029fd2f1d,epidermal-nevus
3791b30f96733f69b473c8d2fcf3998b,dermatomyositis
3826e75f78b423e266c2dafc1b9809a9,superficial-spreading-melanoma-ssm
ddbe1c3f36e36d3e2c884742ce576279,melanoma
2be140422a9716b494b20701f95ce039,actinic-keratosis
b02abb6e18e64ffd99083dcf884ad75a,melanoma
77ffd2535a810b43ccc852d9ed31730d,actinic-keratosis
43262c5ed7d5c29f9547e40f5bcac4fd,actinic-keratosis
09890e72772d3ca35764342f06c15281,keloid
0413727ba8089031523f7028d24a64da,acne-vulgaris
83c748bcf5cad141cb48f5acd6851c78,melanoma
69425e7f864b9775266eca2c328fe766,malignant-melanoma
2331c9221825472c0a643dcc3a1f5249,dermatomyositis
e5edef2961436ce92fb26a7fb9a5a916,keloid
50a5b3518678c84fed613629a0fefeb3,melanoma
d5b3b90897f255f97ac19c06585a948c,keloid
a27390d7053ac8564b310aeda11c877d,acne-vulgaris
2bad4c856e10e29dcb76b7e1ad11ec51,kaposi-sarcoma
69cfcc29d1376d77c9bcbfca301eefb6,kaposi-sarcoma
9b162ec23812aa7bd0b5a193efe07664,actinic-keratosis
d5ffa3d03e02434a2ab729105d5820a6,actinic-keratosis
fe0d0f2a52c0dd67cdeef523867e4a0b,kaposi-sarcoma
8c3d26edb18555bbc6146f3581a66d82,kaposi-sarcoma
4f61db9db37394caa8bd630568d77ad5,squamous-cell-carcinoma
4b6e28d38197e3e0ea167421dc6d21fb,basal-cell-carcinoma-morpheiform
aba082609e966daf665ccfbb264c226f,epidermal-nevus
330f594ff345fbdd5b58ed187003b067,keloid
1acfdf44aa359551366c7e352ef9e7c8,acne-vulgaris
8acc8d28a8f6040d23041bfbf16fcf09,dermatomyositis
ab4abc3e9ffa363dabdf695e768e9c44,melanoma
1093510b8b4e09034d87fb69cb047259,squamous-cell-carcinoma
5c7a759d9b19417c828612dc9b016dc1,keloid
5b2d083698d7ed5b10d17f18714c3b54,basal-cell-carcinoma-morpheiform
0ef52360bce4b5cd6e44eab70175d53c,squamous-cell-carcinoma
018504389f4fa566232eb6e3ff838cb8,kaposi-sarcoma
924acae61840d0e0e6ad71c137dbadbc,dyshidrotic-eczema
aceebbdcfd419fa960ebe3933d721550,actinic-keratosis
a7d96aa10f75ec5c93c09a6bfbbc7fd7,melanoma
673e2daccb06374f11b9bf5110fb9550,dyshidrotic-eczema
6bbb87c1ba24d5c658a393c19080c24f,dyshidrotic-eczema
5dda143b37c12894ebbd9c196cd9d141,melanoma
5bfbbf980defc7097504589b63d5e330,basal-cell-carcinoma-morpheiform
69568fbb5f210c22cc07d54a578dfffe,acne-vulgaris
919f382f54e9cd213f7a9a52306a4672,squamous-cell-carcinoma
1186bc81d691487a953153cc0818a28c,dyshidrotic-eczema
57aab823a0d448956ba9f1d82492a623,pyogenic-granuloma
756b24ca24f44a02a098370acdc3ab16,eczema
9cc65e527c182ae53fb7570790171f0c,squamous-cell-carcinoma
f996766b05a0325d3366a94309e24ee0,kaposi-sarcoma
f163e9298eb69e5cc6c9e8af212b63ce,keloid
0e72ba059329555ffcfe32d627a15b7a,kaposi-sarcoma
688ac2ba9aff76f589c14be2813f9d5f,folliculitis
591efe195b012d0413397ad1bf0bcfae,acne
edf8ba56964f78aab38ada14df91be11,acne
fb1ab021788e2478d946e0198b7e2e8e,kaposi-sarcoma
8926d455016b17296638b119b6962cf2,basal-cell-carcinoma-morpheiform
e29dbcf1fed04e83e9bead565d00ed82,dermatomyositis
e252f2b2db0d6fde23d1bb4d02f4d899,dermatomyositis
072015e0341f732ffa1f553d2a244515,dyshidrotic-eczema
1a0c9c273d706d38e5a25149e0a37971,actinic-keratosis
a989675c02ba63f8a755edc5ebc10494,actinic-keratosis
435be3e0fb6848cf8418d56ce0ed9ef7,acne-vulgaris
155d6961a4ba33aac316c0ed099690fe,dermatomyositis
6c324c3f793408f1bbed60f75617c84d,acne-vulgaris
4735dff622753bd02c22a764a9281846,acne
97b76d98037a41d972411126f407e120,basal-cell-carcinoma-morpheiform
b30468853e0ad984dfbf53fceee5942f,dermatomyositis
ad5dfed3ee5a50f7e58d3b0af63c1d45,keloid
b508adc3c308a18da62ac2b7680bdb0a,epidermal-nevus
521773286f1d292e0cdcf5c1354fc0ea,melanoma
7a6cad3870b13bc4a3e5a888d5399adc,basal-cell-carcinoma-morpheiform
f6d7af6720e60c1c2e304e924c8fa766,keloid
72714f4963e82e6d9b7b4f99a4f3b32e,actinic-keratosis
045a04ebe8c8153226ed22c27ba8fac3,basal-cell-carcinoma-morpheiform
5a138952d0d9258bb0612a2e6ff5c36d,actinic-keratosis
09bdee78c82c4276a2f273180f66f751,superficial-spreading-melanoma-ssm
560d811d545a9fc209e18c944dce1ccd,melanoma
aad33b33ed190972cc96d5705e276a25,actinic-keratosis
af98116844cc81ff8cceaaba707315af,melanoma
99c3570d8e954271883159615e7ccbff,melanoma
e66e69d4c40e535b42d998137d1861af,pyogenic-granuloma
3368f86f3ab52a1362f4c1aac02c14be,actinic-keratosis
d94908c34e1ae46ff12e1a87accfd529,melanoma
11c8d1839a362fdb5e02150d0421c1a4,superficial-spreading-melanoma-ssm
3c066c1414b59ef40046a836a0b905e5,kaposi-sarcoma
988caf18c233893f4e0b378af98a5f5f,acne-vulgaris
5b552fb15839338227880aaac895128a,kaposi-sarcoma
05f2225244026969ba7435f5959acedf,actinic-keratosis
c189dc271fd1ac6dd7c389e43129368e,kaposi-sarcoma
b01a47a7fa02f5069b2c26634671664f,actinic-keratosis
4343f98b39a54c43563b2819a20beaea,basal-cell-carcinoma
7a9d20013b87019f62372a31dc98ac92,dermatofibroma
4cdf3362d0ed7447f98b1a44f0746ab4,epidermal-nevus
12aff52bef4cb6d836dbb03ffb578817,acne-vulgaris
6946d50ada3bbfc10a3df8f5c0223b47,malignant-melanoma
b2413c3578edf4a33ab4f56e9c7d0aa1,prurigo-nodularis
85eecdee71e8ac56831eb6bf276c28bb,kaposi-sarcoma
ac684a3d2464ae0fba4d90e4f898875d,dyshidrotic-eczema
38b649997c117ffa68e7319ea9f111e6,keloid
58f4166ec79b9a80bb6a855cf0fd058a,acne
9ae2146c6383515a25d6d1938554351c,dermatomyositis
ed74e39835213d0c79153d9dcd40b168,melanoma
d773c2c4b95da12d93796bcec165a6ba,kaposi-sarcoma
ac6c6b189299da4e34f8c35a1b92438c,dyshidrotic-eczema
158b595ac3b57ae843eadbb63636c3ba,epidermal-nevus
a0429ec7dd6733573064f6056eb7944e,kaposi-sarcoma
b1b8f575c71edff443ad61da67c162d8,basal-cell-carcinoma
e315766377e07b3a78c789f1ef6cf529,dermatofibroma
f8155c7ae43c1feb180e2667dbb1b3ab,acne-vulgaris
4b1f5f367ebc0d5207088d329d8eeee2,basal-cell-carcinoma-morpheiform
d2cbccd47d61c15132d473da01a17fac,eczema
90540b39fe013db1e50ce9147c82e696,actinic-keratosis
024a737cf57eda5493e8cb30551b4e97,basal-cell-carcinoma
b52efd7c589b38ca46aa4adb9ba498e0,actinic-keratosis
9dd0c1d46a417fa57f686091e213920e,keloid
4981320ef16be15730f7fce6207c9f88,dermatomyositis
7a93256d43142337dbdec318b2ab4096,actinic-keratosis
71a7b35ef0e804f4dac01d3119be6748,dermatomyositis
418d009435bf224eef9a07097696a305,melanoma
39d7a3160a81e3ee93b2408a371d6510,dyshidrotic-eczema
0a38a43963c4cceca1dfb8c998d83a71,actinic-keratosis
40a8a67e6d6ade17c43beb1d20dbef84,kaposi-sarcoma
bdda53823348a5f795ed2ee3b149fefc,pyogenic-granuloma
d4862d1b866e2c536dde339f60de4f0d,melanoma
9180caf457da660165757eb4de0cd35c,kaposi-sarcoma
48cec03c27c9107baa6cea045851ec23,kaposi-sarcoma
fb7c18fe1b5696c01c4e7f1874bc80b6,kaposi-sarcoma
296ec4776e89a65ce8e262ed545ed4bb,melanoma
228205232185bed356ba1aafe35b41ac,basal-cell-carcinoma
f576c38e09eb3ecc24e6326eb3a881f1,melanoma
437159c605260bdd079af230566af291,melanoma
b01178886b609223ef2983af6948e730,acne
6dba48622336596a9576d587ce702142,melanoma
5bec7b68c4b6e5c46953caf631a2cba8,acne-vulgaris
8bac285382141685426179f072d207b5,pyogenic-granuloma
12cfaf761e615d962029682f838f3c83,seborrheic-keratosis
69b01fc8a537bc8c99ea976cc32bdc69,acne-vulgaris
4f1076e6080882564075e0c677ce4f1b,basal-cell-carcinoma-morpheiform
6ed995cc282c8d8ca9f2bdbcde554468,dyshidrotic-eczema
1616459eaaa8f79463b01fd100f419bf,actinic-keratosis
1695bd10a336ec55c2ef289b51b8b43a,melanoma
ea2d3af76bbd9961ebd38d47af57ac47,melanoma
61d0e40071c675db6da228de6c04e292,pyogenic-granuloma
23ca4d83dffa92d9a222b70d803c499c,basal-cell-carcinoma
444aaf9840087865c2705b1dd733a1d9,actinic-keratosis
c2c8d2bd931021a5f16735f1f25d8474,actinic-keratosis
d9fbdadef6ca5cd7f3c3d3928fa6d57d,dermatofibroma
538c95f3f7cf85627092c7c1879caf5d,epidermal-nevus
d82402e38ff9ae1ba49111a4e257a0c7,dyshidrotic-eczema
b6a30b0b1f973a931f6cce35ac6607d1,dermatomyositis
54ea7e8da3eb7259216baaa66eecfcec,basal-cell-carcinoma
cdf127ebf3623453c56a6504911c7d7d,kaposi-sarcoma
e0bea7f6fa7ff29c53055a7f5c8857d1,dermatofibroma
9796b293f46f9765176bb3740b130771,actinic-keratosis
49f285fcadfe1b9348502534acb19e4e,actinic-keratosis
d58998ebb0839c54404e9f55bf8a5d2a,malignant-melanoma
22ecdf81668c637355d9020d35e2ae0b,acne-vulgaris
0ae2c4aa7b6a3a133879f405331e9ebd,dyshidrotic-eczema
58f8a6ea4d65b0c235565a6f0dab1643,dermatomyositis
9837903d57bc1d4c5a80bf27571546ff,acne-vulgaris
15ed87fbe8626bffb60e599d3aedb104,dyshidrotic-eczema
e76e989e715f392a80b223b0236415e5,eczema
098d28da6fe1db559126d701d74fc8e0,dermatomyositis
2426c7f42fe341ffba88b82e2108a81e,basal-cell-carcinoma-morpheiform
304fad9f2fda262980d7964322a43e00,acne-vulgaris
ae0f57af6ace4b075703d55ff00f2574,melanoma
c715f3d6d0fdbcfa111d18774c6fde12,kaposi-sarcoma
6c6d072123d56ce0ff132f48b5a17309,actinic-keratosis
2a5ade59d80877fcfc12811abe61556e,dyshidrotic-eczema
a177a5fc4b0e7033c39fb4f2503279ab,dermatomyositis
b0834b3d13110e14deb33367151559c8,basal-cell-carcinoma-morpheiform
0a152642bc8270880808ab9477846866,melanoma
bdd47d9cfe5d4003a0fa9a7587e6e6ed,acne
185ae0e5acbb25166758dc72e385d3aa,acne-vulgaris
b0b5f5950d2fda0eed8304ea18eef430,melanoma
ef4f1ca88203040e47389f10e59a3228,actinic-keratosis
fedcb4729515d8c9a11d2dbe88576773,superficial-spreading-melanoma-ssm
c69c1b503d56830699dc0fbbb5c9c1f0,eczema
329d3223fddeadbf5a62cff7b28a2d17,acne-vulgaris
3f014488acf61087ab152f8dc5fac8b3,melanoma
cac211b988a0695fc15d1a33fb4cb007,dyshidrotic-eczema
4ee44e55d4ba975e0e3b5fa22a6f7ccf,keloid
e5c82d28f05a70b9d9a85a6c9f087976,melanoma
1b223dc98a9d6e38cc2a6564658c222f,keloid
19e7cad902144cb742b342bb82b395eb,melanoma
84bb739a297c4d52efe756a2f398f1da,melanoma
c83bab745a385e95339e7be5a80ecf18,keloid
f44c2e98d9f37b5f2c3a7e510ac0464b,squamous-cell-carcinoma
592d6879bebc0cf17a02f50dbc3dae83,actinic-keratosis
c5697d664a8030cc92f976c7c4fdcb34,prurigo-nodularis
fa49c5def9b18a6629d73c63e0255289,squamous-cell-carcinoma
59225534aff70594b39b620bfb21315a,acne-vulgaris
755dc8d54e3b79614ef44c9a8434e8b9,eczema
afe41fae78805d3c1eefe5fdeb5ecba8,kaposi-sarcoma
17d220d256211aeff23230af4f1bc977,kaposi-sarcoma
fb7470ace7d0cb469c58921ca6835f75,dermatomyositis
e668628ce95135ab58957a41687fa659,melanoma
aea33f41d93dbd5aa59131a57c001714,dermatofibroma
0c6948c84593c37b5061d8ead8d8e6b1,kaposi-sarcoma
084ee8ab04399c98bf9af20974c8dae8,squamous-cell-carcinoma
1400a56e8de2b64427acf3ba96895ded,basal-cell-carcinoma-morpheiform
691260f9a6de48296c0bcd79084d1c24,basal-cell-carcinoma-morpheiform
71fc983e4c738a72a56725933d60edea,melanoma
f1d92e52b8299eb733705c2115790d57,actinic-keratosis
7a959183168ea039a889fc622afe2d41,actinic-keratosis
f34329eba4bb2a5eb9bdc7d2b9ae6fcb,melanoma
6d9d3d6ab99f09c25d9c2042b303d167,melanoma
5469148cef4a35a7d7c0f97cd2d0c345,epidermal-nevus
6cae680fb52f29577297ee19ef5a142a,squamous-cell-carcinoma
6f1cea03b7d8e82e852c1f95ee8a9d0f,dyshidrotic-eczema
76a410bec7b2e3644a4b141d8bb0d2c2,kaposi-sarcoma
6494b1f8531d2213473a24f46a15d2ff,acne-vulgaris
867ce1ee704a546ae8b25a0c3d8cfe7a,melanoma
72bf4c07c8873dbf8d4b2c7ab5989853,dermatomyositis
874622847ae2cd9f53171fbc150fdb71,keloid
52527e8d12636fd64523b3dcbeb94d57,actinic-keratosis
221cdcf36bafd8203b9a9c0751e08154,acne
fd1fa18a3033459631670d50b9b5bfc9,melanoma
8e2ca2e8ad8029ae7bf0aaaa119dd964,keloid
8eb36f6db6e7c7800f61441e5b923e2c,actinic-keratosis
abd3e1393bf969a1329b12ff83e5f85d,kaposi-sarcoma
1d5fec5379a83b91079dcc0721ba7a11,epidermal-nevus
ffd2a9f7fe88af2fc987ddb7a06c9069,prurigo-nodularis
61c220d156f4c0cf2acdf5c8a9cc8ab1,prurigo-nodularis
7faf4adf38489ddbbd51c8df79cafa10,acne-vulgaris
b62b758e86199928edeb470c25904244,melanoma
ae398e0d27c79b0c70ff15cd25d62ce6,dermatomyositis
0baf926f3983cc51160208c3af29106c,squamous-cell-carcinoma
7d0afc8f76c352f1d55559c7f80b24f6,acne-vulgaris
106fc517df8d5e649afa9f6e64165776,acne-vulgaris
794572175ce2487d073bcbd2d62f2743,kaposi-sarcoma
e6a148f384e31d30c51c4472defc1bdf,dermatofibroma
baedc531fe85571096a215e3f052d7c7,acne-vulgaris
f94b06b9dd83db284af0a76a7b49e94c,kaposi-sarcoma
4c60daad1f47500b7aa569e7e9c4fbeb,acne-vulgaris
268e737f44bce5f54b4bcee52baf7e66,basal-cell-carcinoma-morpheiform
e7cc160e240268d7ef2ff7cb8c28343d,acne-vulgaris
a92ba022f12b23a2c5ea19eedfa32a94,dyshidrotic-eczema
728a36e89f7599c7740a0935c8e36621,acne-vulgaris
acb264b31d70f98301b812a134879bbf,kaposi-sarcoma
087315906369dd994456a197e0cac342,eczema
1f0af24c77f720c6c009b0aaae30c3ea,actinic-keratosis
3a5d464ccdb5cd8feee8424daf1b9758,acne-vulgaris
009c75339a21bb84a6425be6a95938d6,dyshidrotic-eczema
85321e0d847a46e0be3b156df51414d2,acne-vulgaris
31eee568029f5a70bbda34af551bc67b,basal-cell-carcinoma-morpheiform
e438ac94425903ae88ef3de457debcfc,acne
0325ba9f88358e11a6abc3a63e584bf6,keloid
eb8fc90c6716f948a533986727bca286,squamous-cell-carcinoma
48cd09dfa86f641cda0d413a486345fa,acne
cc63958a1cedccb7dc1f0628f010206e,dermatomyositis
7934871643658a189b70c50691da8689,actinic-keratosis
fba7260cff0746ea31b54de3d0ab7433,melanoma
dc5783ebf370ccb672625f16d07e1512,acne-vulgaris
0ac87111c95a35bccf902556b5d56f56,melanoma
de2a6626fa354f736fae29f7402956f1,melanoma
72b7bd69618ea149d63f3d41dc4ca287,kaposi-sarcoma
0a973eee9d131c3faabc62eb81f07bab,superficial-spreading-melanoma-ssm
b39695f246374fd531122d6f8e238359,dermatomyositis
0e55b54825db2d67edecfe12d01144a6,epidermal-nevus
f4ada601e53f65b80352f220c883982b,basal-cell-carcinoma
a5a355561aa62dd374d3bd2e52926d66,melanoma
c6e02651c6e15b52376ccfb095ee0509,folliculitis
47f82c73448a0cbf900d839ac3872496,kaposi-sarcoma
b34aa486a55a0deddf573794a6a9726c,acne-vulgaris
90e0fa1b97f1294f112f2a60c0cd415c,seborrheic-keratosis
675abb915f8549449ff6e68bb7d44879,actinic-keratosis
73f11ac25272679272816f98e19f47e8,superficial-spreading-melanoma-ssm
1e55e67f3e9e3c739cb50534f15f1b8d,actinic-keratosis
8e865fd366d1ef5636ac95814e61fb0d,dyshidrotic-eczema
2526f45c72e51e324cc70a56faa9616a,melanoma
51e0ca33acbfd85ac2910c698bb24ff1,dyshidrotic-eczema
8972c76e23d9f6d7c301532573961b99,melanoma
39f3448f33a429935cf1601f1585bd12,acne-vulgaris
0bb99b2f270898d179c9fba809e15b41,keloid
574287cf077bf599f898cbdb64a5be44,actinic-keratosis
6fa6459b12325e1c5ad7749b38dfdff0,actinic-keratosis
4d36657f6a39bec453c8e41acc40023f,epidermal-nevus
ec434ee7ba467dd5ec5a4b87fd515e29,actinic-keratosis
06c7baa22fc3647a98fc8fe2e2985a77,kaposi-sarcoma
db091a9ccb30661ccbd4e4d69f3054ee,actinic-keratosis
2004c88f0aba56122257c4f71e67c719,superficial-spreading-melanoma-ssm
c6e41ac2c8552505d795c4efda0869d6,kaposi-sarcoma
de608b752927ceeabb7bac264a52942d,kaposi-sarcoma
7a2e6969eb645f2aced2aaa7b309b573,dermatomyositis
91007c00bb4aad315dc101b73bdb2673,actinic-keratosis
07bbb2e37d5e4febf70890df43c9fbd6,malignant-melanoma
5f5834848e3b14da13ede7598b0d644b,melanoma
e2578e85c48471e76706a9eb6f3ab16d,melanoma
16c089e04436faa844be84aba9d0179a,acne
d13ed0851b5f952ab82a25c469ac8aff,basal-cell-carcinoma
151d0a85fa73fc70f69233abfd00e6f9,superficial-spreading-melanoma-ssm
0097275da3cb707415d13d2c59cf8c8c,pyogenic-granuloma
e1673c9de5483c8f06c57d9b8b6a99df,pyogenic-granuloma
298fc8e9382bcdd2668c98e710a3808e,actinic-keratosis
7d6ae096a58cc9a689e28ab2fc06a75f,epidermal-nevus
27fa5ac58bd8c5a693e8e0bd0bbe6f39,dermatomyositis
5dcf89822b03a9620054dcddfb327cf5,keloid
23f8b15973a621ced1807768301eabaf,actinic-keratosis
a933cf003cc523204544c8820bc5c73e,epidermal-nevus
d95bb36bbdb0f6f3224029ef6afc14e1,basal-cell-carcinoma-morpheiform
4670285632e1c288ec0ac64a15ef82af,dermatomyositis
03c5124f5b1ccaf03bbc3fecc0249e6c,acne-vulgaris
c3b96b61412f2004d8c5a281ce9ffcd3,melanoma
1d8fcc49e4dda6868fcf76916fc14405,eczema
e89438538c2e7c4fe86a1d6112fcd599,kaposi-sarcoma
f8625e6ba7ead84d5e9a283df868584d,epidermal-nevus
43709a26cd70d509fcb12de796ddcc69,acne-vulgaris
cf3d2262e2ddccfee4641197f689e6dd,kaposi-sarcoma
4e22f7ad0e178a67b08db1d11219a0a8,dyshidrotic-eczema
550749c351ebf42acc3ec74f9f9a6de4,kaposi-sarcoma
27636e10ca656290c8dfc9b238bf5a17,keloid
734c9a93f9d8f98d7f2b8fb03750850b,kaposi-sarcoma
9e04114cdc878efb72211714ec160c37,eczema
60f80cdf721287c40568fee2751bfc3e,acne-vulgaris
1f00d2c15eaae750c70f5b93035a5c0c,pyogenic-granuloma
a4a41ecfe71f94927ec8c3bcebb5eb80,eczema
a4e45375ed04928a3bc132c669d012e8,acne-vulgaris
ef2e3a2d893a8cfd7c9f2aa2e623fac4,basal-cell-carcinoma-morpheiform
8132e479afef009487b6f52625f43a7d,eczema
2e9026dc8e4b4256aaad236b808de767,folliculitis
e0a38024961fc28959c68774b661307f,actinic-keratosis
686586ef815913c5cd197bcdb3718b5e,dermatomyositis
645a927c70a12b3ff6ce9667c5d56cc5,squamous-cell-carcinoma
5083ac97bda2b5e9906746e2fe16179a,eczema
40b3e8829b08cfac1b06b44857e290f4,kaposi-sarcoma
88f04faa2219f6a39d1be696879d1b25,acne-vulgaris
76bb012384c690ee1d61e2c792535916,squamous-cell-carcinoma
9aced25f0da2ff491cf0da3fee0a8f3c,malignant-melanoma
9a309ec1b5a7623e1064399137b0edee,prurigo-nodularis
118004ae04d7c04a7abb96c38483b6b0,melanoma
22453eeab8eb57c76951e23e713ecfdf,melanoma
4062f7d2bf4baa0f792741ceac66958f,eczema
daf718978f62033d239c595e96ad3d2c,dyshidrotic-eczema
161b47d35bcc8a3a6e5f57a88f2a233c,acne-vulgaris
72c70306aace54ba95d9e65eae05f7eb,actinic-keratosis
0538c14b1dbc98e893372d3e132dfdbe,acne-vulgaris
145e13a479f0c026fcb0630d2f9d47b8,epidermal-nevus
3b3da93bdb3448afd0570afea24eae41,acne-vulgaris
8d47665dd04c83496fad63942b78f1ff,basal-cell-carcinoma-morpheiform
2c15d58bb14b91318e30abc20230d7eb,basal-cell-carcinoma-morpheiform
51d2eb9781f05cf0663c78194e93792a,prurigo-nodularis
4c57a9eec4b544ae4dae4a56a6d9f8cf,dermatofibroma
4cbd191d60f97a3b5a8d7b3ad5cc564c,squamous-cell-carcinoma
4c3f795cf8eb72b946f9bd2642cf23c1,dermatomyositis
74a2d7b3c01c63f68614c48270507f89,basal-cell-carcinoma
42bb46cb779b95f10e531e2b6181e439,acne
e600041da17eda6cff4cf14cdfb25d15,dermatofibroma
cd10a42d92d2d276fcf5d02284916e11,kaposi-sarcoma
41ad4baf7c3295c2ed44eba9da4c938e,pyogenic-granuloma
447a8a8c93a59d870056b006dd14df26,kaposi-sarcoma
739c636d03d3257e003edc941272d68f,keloid
15faf965b2b5b13bab84ca28d04ba20c,acne-vulgaris
a37ed02cd54e4b530341f7587d4e444a,dermatomyositis
8ba5189cc891891e6f1b4d5f4f9bc1e1,dermatofibroma
f2525ecb0c3d7fe29904578c14f19faa,dyshidrotic-eczema
813110f4196c27f35beec9dc2431c7e2,actinic-keratosis
174f6d759798e3fec307a2b7b513f139,kaposi-sarcoma
3d74745cdcd5f31b835d1ff21abc39b0,keloid
d6da17745dc1ffa645d4fc52e76a7418,acne-vulgaris
2d6abc80650978d36907bda0009c88e2,dermatomyositis
c11dc056d43c21dde17846610f0f89e8,melanoma
6f197431cd2d540ed3c5c8c6a5296d54,kaposi-sarcoma
70b99a1005a08821fd9b9c48d7e8e698,melanoma
3741b8a8ff7b38da7204810ead3aba9f,basal-cell-carcinoma-morpheiform
77e57be20830beea9846d2c3a9ed5bd1,epidermal-nevus
e69e4c0470261a68f1692b6f7039e80a,melanoma
717632d20df2589325f6769a45b0adc5,acne
50c5fdef946e0cd8ef022a82c6167381,basal-cell-carcinoma-morpheiform
53f00019faad3f44c16652c4bad395ba,squamous-cell-carcinoma
adf918a971334d6c03aba89f942ec9ad,dyshidrotic-eczema
b8187ac1e3d5c7a7238056c87a3072a9,dyshidrotic-eczema
ee0ca09169187d556308c034caa9fda4,prurigo-nodularis
74042e64360d296aa8e70008c8d3efc0,basal-cell-carcinoma-morpheiform
bc1227108a4639de337f5c5cba635352,basal-cell-carcinoma
2bca2886bd9092632698662c969e551d,dermatomyositis
142cf402ecda22abae480a3866444796,pyogenic-granuloma
e560c04dcde1fbcc3aa87c8cfab5aca1,squamous-cell-carcinoma
62d277784521ca0bc25d6e91268b3c71,dermatofibroma
c57a17f09208e0f9ca95b5280897c79a,acne
2475581bf40d111f31146165fce3441b,epidermal-nevus
c05382fae633177aff3794d0f3d9f8a8,basal-cell-carcinoma-morpheiform
3f5585b2050389844a621e34f98dc191,melanoma
10cbd07a7f2e658a27f31eac2ae17269,melanoma
81305c80964c8765e19120f57bb8936c,acne-vulgaris
a15b63b8b1cbecfb8f88fc766b204b9f,kaposi-sarcoma
2d49855dfa4ecb5ce88095c78bbfe5c8,acne-vulgaris
570bb039a6f13ce828d8a1551623a513,melanoma
517c9627617ef9e5689e364ee5d88069,melanoma
6291ff38493700eccb9816dc3586cd17,kaposi-sarcoma
8eb074ec464733f3a583af942fee9a14,eczema
0f9a80fc4b30ce96e2440e1a67cd31d2,squamous-cell-carcinoma
8c19c8ab265be2d52a60c1a175d59c89,actinic-keratosis
ada18724a43831db99512cf39a174d0a,dermatofibroma
d95c392d3e9ee2f7adbd7ddbda21d686,acne-vulgaris
61687ac315e76923e2116ac2d20ebd33,squamous-cell-carcinoma
54e31a5809f92d64232e1d9b37f11126,acne-vulgaris
62f396f48e6501395d63b222cdc684d8,actinic-keratosis
1bbe4519608f606a18adf1811fd1c051,basal-cell-carcinoma-morpheiform
e5274fb265a7fbd6db292a6e8959f467,folliculitis
4874ae4360510673a0cbe6310a4acce0,epidermal-nevus
8aa0c0210a09a713036cc34e4a77511c,dermatomyositis
418c81a23f78b4850106bae29332e97f,basal-cell-carcinoma-morpheiform
1579e85ffbc506c10a9c44e58f23227e,squamous-cell-carcinoma
c112ae55041f86a68ce5e1444698fa3b,actinic-keratosis
7333062e0a7cdba6d37007962f07ce8a,acne
30b6c1170e08b3e8b97c080a8e67ada7,kaposi-sarcoma
acd650a29294e11114a43014d39fcd1c,melanoma
63b6094e083862d617afe313c4aa9f1f,dermatofibroma
184d4c82d2d715ccc299db11357ea24c,melanoma
d04699fc9e876ddd627d102570694a0c,dyshidrotic-eczema
7075c2cde6d86aa53d709a2ead26b93f,eczema
2108592fb9106e94dc7dc89f16f40c03,squamous-cell-carcinoma
d2506151428601cd8566330c781f82e0,melanoma
68c4093d23c19116b586d84b57c348ab,epidermal-nevus
d9ccb043ebec5892e235639155096f1e,pyogenic-granuloma
ea23f6fdf9c8168d76c0f6d984bcc7f5,acne-vulgaris
b0595057ec163a15e2f19596e609b505,actinic-keratosis
7c937cc7de6443f4ebbc149e0c75cf0c,superficial-spreading-melanoma-ssm
466ad4e193a5c1ea266486037950ca91,dyshidrotic-eczema
0ce4fc42fc7e5b0af7d17cdebbe18ee2,basal-cell-carcinoma-morpheiform
4e1ba6883f1b236b2a4a5684ab50b7ae,acne-vulgaris
e86d4d984d45fba9f79f9c44578da9d6,actinic-keratosis
204f57f5c4dd76c0841f106da6993d53,acne-vulgaris
92d9830f22b0eaa4ced0575d60f5662b,dermatomyositis
78f71a3a8abdeba82370a839e8aae1c9,dermatomyositis
5423e2d3ad68054e7b51e27e146fddca,melanoma
d02fe1ea29ed9ab2f2ded6c516dfff99,basal-cell-carcinoma-morpheiform
8fd4531b693efc3f1dbfc1a050f2235d,kaposi-sarcoma
70a0b051fb01abcd5cdd01bf8b6aa5da,melanoma
e15211e66c71b025b9add197313cd5e2,prurigo-nodularis
f60693a26dad6dad917d3876665bc99c,pyogenic-granuloma
2e9a44d7373e97c682c937249b38d622,melanoma
51bc35ea07c27621b3abe3c1bf07a034,pyogenic-granuloma
1a4fdeead0b5690e36ea85c57e1e87c5,eczema
5a6480d3594d735eedf67a29281a1819,dyshidrotic-eczema
5d07648c809dcaca09feef5c856ed3ed,melanoma
7cba12676c22f1c775f4f76059bb1797,superficial-spreading-melanoma-ssm
99ade605cf7edc8b433e99183a2bfaff,pyogenic-granuloma
33f9dfe5e1a2e7b6ce4c32f3cc889930,actinic-keratosis
0c0700fc7177d09e2df0c6658288cf8f,dermatomyositis
ba250d0f0b1ed48ecc19465085c41cb0,dermatomyositis
6454800e31a16b2abc6c97fe3582faf3,basal-cell-carcinoma-morpheiform
493b84bf949c2556d88e1fd06f631115,dyshidrotic-eczema
70febe1909055262ca282551a222a10f,kaposi-sarcoma
eab91c11e20398a89c454717dc5eaa94,basal-cell-carcinoma
34a4c651410d5aba949d1f62b8cdd1cd,actinic-keratosis
e49241d66b386c9dacfcb585c3344656,dyshidrotic-eczema
e853570597d53d361cc70868ada1a07b,pyogenic-granuloma
0fd4f7d195dd7b1355d2389d8b2ed1dc,melanoma
1ac5d3755f3e4e77ee6d100dfc333d6d,acne-vulgaris
4bda36c130bc5222cc928bde1ac19cdd,actinic-keratosis
67be5ded2639427a77761dbbcee1234c,acne-vulgaris
f3a4d8da2bdb24a1d78a061f30496e9b,epidermal-nevus
f86cb4a75683abae76cefa622123f5f1,actinic-keratosis
da2880a087b138e537603ef214e003a6,superficial-spreading-melanoma-ssm
2dbf863f60d92fcb6bd2cb08ab04abba,melanoma
bb4470ca691cd15f51a464645b4234c3,melanoma
c605f6e202e48de1f624e085f5316ffe,eczema
a981721b89a6b2a34d01133a134709af,acne-vulgaris
ae597315643401a7e6d1c97adc01004a,melanoma
84e0052d39fb4df649679f0106fe05bb,keloid
ba46220798657477a46982340b11c9ed,kaposi-sarcoma
27b90df80041990f4aa15c5d0b1c5746,actinic-keratosis
c5ebb84482a21015073cebc37b31f515,actinic-keratosis
be8b6845068f1070f3052fb2e54cc48a,basal-cell-carcinoma-morpheiform
518f1b72caa5718bb84cc769631656b3,dermatomyositis
d90786178514a75f27d7cfbec4eb06bb,dyshidrotic-eczema
7e1a63312318ffca8b95875238836aa2,kaposi-sarcoma
1ff28481af19f530c70721fafe2decc0,acne-vulgaris
7f18f98cf49c384040022a19759b0b25,basal-cell-carcinoma-morpheiform
08c31b995b51e21dcb10fb8d900bbaa2,pyogenic-granuloma
a646b94f0637b904e4becca57a2dc26f,melanoma
2dc5c700e1ba2c10091d84c7c8818a7a,melanoma
2427f4ddad999d44139aa8b91e937885,kaposi-sarcoma
d148dc8bb0d3311bff9f7237ff9a8188,kaposi-sarcoma
8d039cb9f54226f6f180fb809f5118d3,pyogenic-granuloma
48cf483953e0275a096914b1723221c3,actinic-keratosis
8d4f1262a0534e1d906a21a1bcb8707d,dyshidrotic-eczema
7738a1fedc6181dd976623470feaffd4,melanoma
77e241b18f2f7f615e4a76ae87cd42ac,malignant-melanoma
97b6fbc9f7aed167c17b09b78ffed235,actinic-keratosis
9695951a2cb28eb40557aa22e201b9c4,malignant-melanoma
d32bb38989704f645004d6340d501466,prurigo-nodularis
0f5dc1d7b8e73e0b2df7bd1da6039dd0,kaposi-sarcoma
e38312ccf84a0e26adeebb4cb7f9732b,keloid
0d240e7e0263db3d01450e39cecdb4cc,dermatomyositis
f4048596275ae97f09ab436b6f568cca,dyshidrotic-eczema
1d07e0f2fc08af46884dff93e34d797a,squamous-cell-carcinoma
0ec3ad42fa779284c90cf3eafd31a6e7,dyshidrotic-eczema
5080e0d5806f34bec6b2055ec21a2583,superficial-spreading-melanoma-ssm
1e88430bd7f6efcb4d7c77d1c541a186,actinic-keratosis
b365f6bad5f7362cb7a6fe4ca1e1ff6a,acne-vulgaris
a5835042f19548325acc05bc374b429c,eczema
68daecb39b330760c4faddc47e842c77,actinic-keratosis
54c7c26b914f17674a00a7355cdde37e,dyshidrotic-eczema
b5dab97d952cb9f4264f464304d7ea0e,kaposi-sarcoma
f1bdfe975f053e9b464b14f555db1aec,malignant-melanoma
85961feac884e63b81ba861fe3be1ca5,acne-vulgaris
98a86bd0a6b6d31cc399703220627eab,kaposi-sarcoma
c6fe5504c0652476d2eeebcbada1e4f0,basal-cell-carcinoma-morpheiform
50c825e6e56ab72f1ecde0328ff77277,actinic-keratosis
3f982d9ba541babca8b41d94ee6f4a0d,acne-vulgaris
07a62c58c366377b9692b688e04d4f76,acne-vulgaris
d4745bc61322c928977409d3be613566,dermatomyositis
3c872d2410c57441eccd4368ece6f28a,keloid
a6887106885c0371916de914af87c31d,melanoma
72aa410d76f560607fb2e74083b2e87d,basal-cell-carcinoma-morpheiform
1cc5a0ffcaf2f370cd65f10eeeb7fddd,dermatomyositis
22bcca7d579abf5c2c121c98aa01a4c7,melanoma
6dd41cfcffc748e96857d59341019284,acne-vulgaris
656c560e200b0cfca63346939fa848d3,kaposi-sarcoma
3c8561db288ae7144a8e09b49121b132,melanoma
d36089c917a190111dd6be37d21ad606,squamous-cell-carcinoma
5ff2e2cbcbb9f92610ec54dca324d149,melanoma
804c20da98db71680bd8d6ed0299fcac,kaposi-sarcoma
9d6fc0774c68a7caec5d86148bcba524,melanoma
c67d42e5e91434bea27c8063d8cf3964,kaposi-sarcoma
4ab6234ead6b243165c53ad33b708d12,melanoma
d426cd06dab461c27fac4964b9865769,malignant-melanoma
12056f489798de5eb80a7d07dde875df,dermatomyositis
ca86e26ccedeb67ab344763f929d6bbb,actinic-keratosis
855a18d13f9678703baaef0fff725f4e,kaposi-sarcoma
c40432238e3ce04f39d1d23f13527c67,kaposi-sarcoma
2861f208db32e09e3841ead44f577ddb,melanoma
9d5e4780260cf2955e3e0e783cb21247,dyshidrotic-eczema
3988959d950efaef1651fe12b8d8bf7b,acne-vulgaris
8c1d93ad952b3dfeda6e7cbb1655ad3e,actinic-keratosis
dc84ce6b158006be88a8b1e4c0d86e99,dyshidrotic-eczema
52b87171653545584807c202b61fcbdd,acne
6472c26e82d307a0929503604f91bcac,melanoma
f25f5a5c007b2ce64cab66fb6037d9d6,keloid
5ffd8bfd72bf93492e07434924e9d15a,epidermal-nevus
689433a232b85e487ba0bf089792e374,prurigo-nodularis
bbe2ba6d1c72c477dc514277aa950a6e,dermatomyositis
9e000e91c39cb8e3a22489c8339b4932,superficial-spreading-melanoma-ssm
950f1320c1fdba94399684868ba0177f,melanoma
2cd328777af9ee59c90b18bec2be72e3,actinic-keratosis
90fabbdea465c8357755488142bd0522,acne-vulgaris
1663e75536f056d5158dcd192e591b1e,eczema
3a1705edde2e27f35e7472eb76755bec,acne
4da76fdfd312fd889a3e0d02b666dede,squamous-cell-carcinoma
ca9fe71f9b4e6348554b749f3c2e56d2,folliculitis
2d937eacdf1f2480a9266e029a667494,dyshidrotic-eczema
a40fb61acc29b50d34decdd09e89e634,actinic-keratosis
fc81b32afc618847af57d0f68c05f0a6,dermatofibroma
f27e4936f68bd371701ac1fc4c53d138,basal-cell-carcinoma-morpheiform
784b540a0e8eb55db7d850b538d3e5f1,melanoma
d4ffe324216a5c6e00278c1eddf56c1e,melanoma
1e7e94a57dba71d805e9ca59ffc99758,acne
d6fc57f3afdc323a0dc3a7001e8dc978,melanoma
ba7238a41b59c7c34af5702047039833,mycosis-fungoides
50b4cc0d8dcf2b393bb80c89ef6d0196,melanoma
8babc8e9dd502006beeba0a90f3df043,actinic-keratosis
2c70b85effc762d7b6a4bfc7746ef97b,actinic-keratosis
31e6979966293854a7feec28eca58f6e,dyshidrotic-eczema
45faa12ef71900861d9a6d3d448035f2,dermatomyositis
51b542089596a4d122839b333b656871,dermatofibroma
413a896e96ee3c63962834b0e6498bd4,melanoma
6353b7c1adbac3349984409728c756e3,squamous-cell-carcinoma
3b843066b041e22f335a890eae042b2a,pyogenic-granuloma
bfcde0e7ae469d141290ba656c888492,melanoma
a499e463f6116929acbee2ae75bddb09,squamous-cell-carcinoma
99247c9fe486aa9ab71686c8e676c135,actinic-keratosis
e6919d4f7cf524992736b9a0cb7b2589,squamous-cell-carcinoma
6e2da28f9169bd9f68f13afaa53f8500,keloid
051e5c8ce730d6a81961ca551c9fdb2a,dermatomyositis
44aefdc6bc7f4bc1bbf66f960b6e1985,kaposi-sarcoma
fa9d0b0dbf1029f4bd1d3c07c536f417,acne-vulgaris
0353409eed089c8165db5a968cf2c43f,acne-vulgaris
5a18fc5a172112cbb0636b16d76078c5,kaposi-sarcoma
43534ab689527642db737a5a6931993a,dermatomyositis
a4c98b8bdf349df8335ac8b8657c68ea,eczema
8948f7a996fd9db82b46855726af6c83,acne-vulgaris
db871411820979160cb098e6453399ce,melanoma
838a5a4225a0f680dd1272acdc609f2f,actinic-keratosis
3b7e06dda645a02dca6abfc20a02c4b5,melanoma
4abcc083990e6408c7936f204a913a81,dermatomyositis
eb368c2cab6836c68884ae36dec3590f,basal-cell-carcinoma
7c240ef9f5e1bf6b0ed299d7128c7fe0,basal-cell-carcinoma
1f12c62df49fd29ed0ded41bd028e82e,eczema
42b49544799141c6f402c6f7d1fd0cce,basal-cell-carcinoma-morpheiform
c94935d1c39a141916812538e6be7e87,melanoma
1681c65312e7c67fcec67b39a5f31162,malignant-melanoma
20135a88216aad60c409dc97dde06e73,actinic-keratosis
5d08b1474179bb4874416b01064b56ae,melanoma
e19700bdfef1034b79b79f1146d38bca,melanoma
3cece09559deee48b30b052851362994,actinic-keratosis
b76381e00a47d51418c19231ec321e20,prurigo-nodularis
a15409f6e9275ce53928eedb0493469d,acne
9016573f138e50e4bddb1e8013b763ff,dermatomyositis
964099036e0c735051be7e2acdad1cf3,actinic-keratosis
b2ed578a520fb52a62ca4192c1da4280,prurigo-nodularis
c051152285fd20f3b6381df88dbbb940,melanoma
0393b043e435e566657cf7d61879026c,seborrheic-keratosis
bbbeccecd0d1e4d645cd9f376c1c3f3f,acne-vulgaris
dc70f9265a0f30a0e252683052c5a743,acne-vulgaris
d0a6a7731a9748730947b147b688426c,superficial-spreading-melanoma-ssm
91c2a2d75d43488ff67d36bafefaeba7,eczema
ab641dc2d33a9a81e7d931eb47e3be4e,kaposi-sarcoma
a4d86ff0f5c85e2fe204ece83b710f1a,melanoma
d09fabea9055615af7dba6136f2e21fd,acne-vulgaris
0b9c906977a5d2a78d7fa64004ccd6be,kaposi-sarcoma
26ca1663d0d35255aa471578fd030131,epidermal-nevus
f9bad8397240785f99a7659cf87a820f,kaposi-sarcoma
c7fdaae88f4bddd93cb781ea08d751c5,actinic-keratosis
f8ec3bff30f0f39568125ed1c2d00a49,kaposi-sarcoma
aad76025ff2ae079b4d8c881496c3372,prurigo-nodularis
bb197293543daa5ea73f645da7566efb,actinic-keratosis
000e8dd5ee75dd6668e978e7a4e6fe54,actinic-keratosis
411f9076f8cd3106153147b5f072b467,dyshidrotic-eczema
b1ef89446212681c2eac7dde82654133,melanoma
b9193abe82fb8a8ae13b35c4bb5eea38,squamous-cell-carcinoma
30bd180288eedd15b8aad8acb7ed91da,acne-vulgaris
038e343e66d76cb93438f5460dbf4eeb,actinic-keratosis
1af9eb6b01aea02e6459d942c20f3f98,melanoma
4d6a5c8b2e73ea8acbcbae17a070f9df,dyshidrotic-eczema
421307b71f4e267df9fdec5a5c91c67e,melanoma
3b11265aff44e939cd045b9e5f3a0045,dyshidrotic-eczema
1e05b3cfccbf7b4143f709a9423fcea5,melanoma
bcd90c2432c50cb8bd6b6ca7c9c017ac,kaposi-sarcoma
c12375fa8da3696e9198df1fd74703c1,dermatomyositis
364bf519149491d77d15929901e92741,acne-vulgaris
2e3a440729e7c6dc0543b21895324b18,dermatomyositis
ed277f414662d8203eeb4a5ddbd58644,dermatofibroma
c2c7aed88ac1e56883b47538586e23e9,acne-vulgaris
442f91c9c99a3ba2b0ca25a1c381b28c,basal-cell-carcinoma-morpheiform
8c33df53ddc70f416cf19eab528c1748,melanoma
623760615181a0f95fd6d5419d62c797,acne-vulgaris
b89758afa9975102aa1f58322cf3c8fa,kaposi-sarcoma
33f6ba9badcccedc1238ae3c14c336ba,actinic-keratosis
2a2b8a3357e28cdb445ca00168843970,keloid
14d2333c46a7f94b0b64c6ed0547dd75,kaposi-sarcoma
fcc9ed3892215e076e9dc5b7a8bf81e7,keloid
8bdf085e79f86fbfd2f5141b5b3df776,basal-cell-carcinoma
eafc07725a92381f3f0767fb5091a16c,acne-vulgaris
feb23b8d752fc437b2dc3c9816c647ac,pyogenic-granuloma
3148e06be77894f760bf482fe7e6f2e5,kaposi-sarcoma
73754651e5cb0081c4a706369847691c,epidermal-nevus
98bef7c8cc4521eab1f8cced801fdb11,acne-vulgaris
bd84a3d4eaf05a7cd85f6625876eea06,squamous-cell-carcinoma
3a99a5259471f5fee1d4db0d2067b413,melanoma
6b8443f997a29f08833996007cf7b10d,squamous-cell-carcinoma
78617b5fb730ea6627b7a7227f6a06e4,dyshidrotic-eczema
25d6287a7029492939284f43d0a626b0,squamous-cell-carcinoma
f44f3454329e674663e68da31c24e674,dermatomyositis
bfb97335940b62aff9ecf8a01485807c,dyshidrotic-eczema
8469304f4c86bcba90430e4e658ebbff,squamous-cell-carcinoma
9c74ee06aeed63586d2dde78947e33f5,eczema
4f87ef083363ca11a44080edc73b3568,actinic-keratosis
c47e590b8f79f090034884ab04698fda,actinic-keratosis
3e0dd46a6a2d7dfd17bb444a3cf050c5,basal-cell-carcinoma-morpheiform
e9070baa510188da821345cb2d95a421,acne-vulgaris
dc6b70e34949c1fa255c0c936fc53655,dermatofibroma
d3b74982c7011d82c1c874bd9e293fa4,dyshidrotic-eczema
72a404525b6a423e540759439b50b3da,melanoma
7ba9fd85c64320e2137448742a5abfa4,keloid
938528c2ba772fc83832aeca85171cf2,malignant-melanoma
74df53d12210f742427d83c8d4192094,acne-vulgaris
b2c2253b84792ac44360b51b799fece2,keloid
3e6b4ab56597dce5f196f82b752c43b2,kaposi-sarcoma
1e7821b3692bc364a566152c7cb84507,acne-vulgaris
eb7652e04c1c3ba509e0e6269cae7b5d,dermatomyositis
62eb1d002bfba0237bb37de8f4fc6536,pyogenic-granuloma
4eff46ba9c97e429dc688f530a4e5fbc,melanoma
862d0d4096cacb124d4e0df53c32b0e0,acne-vulgaris
9642453f29e342b4120b027a21f76bd6,keloid
e0374ae6c1362ff183cfba28ded5421b,keloid
6f93aa757c0b91baceca396b7b76c90c,superficial-spreading-melanoma-ssm
83d314e140426d1a7cd1e915470aa532,dermatomyositis
3217ba36e80b39e457245877a77349d8,epidermal-nevus
d84e0c83920384e79354019fd467e6b1,prurigo-nodularis
45297051705ac6a8b8d04264cae21bc3,kaposi-sarcoma
06c312978164d6cc204751b5d7bea2f8,melanoma
c5e27c3e2b64d8d39b1318ed1291d9db,epidermal-nevus
31301723ac2727fd70f511a86ceb089c,squamous-cell-carcinoma
0d1eb56fcd67699b9d277c7c0b3f8a1d,acne-vulgaris
e91ce676248e27a0ad4a83fbf77e917f,basal-cell-carcinoma-morpheiform
4e63404b516800a93d6dc91e4f4a23b6,kaposi-sarcoma
998ab155036c1e9bee491e7f41eb629b,melanoma
4173d5a2337e044eaced6778c34be2ea,dermatomyositis
a3a0ffe406386ff29eb7a6cebc3c4985,kaposi-sarcoma
55d707c5de44c50878bbf408e9742033,squamous-cell-carcinoma
fb8397ba14203f2442cb607bf6fd9fb7,dermatomyositis
c8ea76b19cf75b3e45b87877e859b6ba,folliculitis
f2b14e54536ed100f633eaedf5a27ca4,prurigo-nodularis
664d794014b44cfa24cd8c4c864be636,dermatomyositis
d088a167e5757dc79167afa7ecb64ac6,basal-cell-carcinoma-morpheiform
758fa949e6381f4805608e85adedb165,kaposi-sarcoma
82df2ce5fa68bd6f037f185e37003e31,acne-vulgaris
8ea314195479001aaa5ce386c9f45433,dermatomyositis
76d0cfeaf294a53c5ae1ecdc3c0a8deb,melanoma
0552f0ffd7f1125b7cdf8e44bdbfc0c6,acne
2d344b03816a60495078387cc99f335d,eczema
163d9c550fad4704990a3d1b8183d0f8,acne
11bad1ca50668e9a7d6aee6b69d3bc47,dermatomyositis
b18266bd91bdf9c540973b3b6c297be0,acne
97bf4bfa2adc732f68b6445e9dd3ff28,actinic-keratosis
b6defaedae600adc3d74c06a560f5c25,prurigo-nodularis
9e6302546a811af38079664e066187c1,basal-cell-carcinoma
4536ca109630631812769474f4cadcb6,pyogenic-granuloma
42ca868d015f5b088e3bfbd28db1621f,kaposi-sarcoma
0bd2ab66f36e69352a45d5122f4aad07,acne-vulgaris
92ef6631905073aa5190f7d0f675772a,actinic-keratosis
4bae18a5cf6f2f211389b5d97f3fe840,melanoma
865eb4dc2f13c93b8537f281fb68b6f5,dermatomyositis
9255b18c770f58de26221d16839fadb2,melanoma
b29caa9fd3efd8880d63636f7bc9a740,keloid
41dffc4224be2a0a9b2b31243755b1ae,melanoma
71a101b8e494eb213b78a1274714de3b,basal-cell-carcinoma-morpheiform
b45313d16aef94d526f315d96a4aaaa2,kaposi-sarcoma
6afb94915e7935b5a4b0c1cee7bde806,eczema
658446bde66c64e374d317e40fb40f91,dermatomyositis
e7fd792efe793efba7a339d3dd29e404,dermatofibroma
7a4cc56617637df746aa8f3bd2f66238,acne-vulgaris
87cf70830aa7815e9daa81090235efd8,dyshidrotic-eczema
89c43975b1f8f3189e136c6eaf9a0ee4,acne-vulgaris
0e53f04b270579940142d00c6165f0a5,acne-vulgaris
d2c77aa81ca884f99174471132bd3e24,squamous-cell-carcinoma
21b4c6bf65333cf88875d6d73761673f,kaposi-sarcoma
7910e6ff11c72c6266d5749017c6f72e,malignant-melanoma
90c37624ede8bedb2051a85c2d9d7a0a,actinic-keratosis
33b93a3dabdd6249159f5f3b1661f218,melanoma
1d87ddf86f42c4febe29c9b5efcda416,keloid
482f40d7e3d25795f61d53161d2d3f6f,epidermal-nevus
8d7d69353979c66faac2f9e5fbdfe348,folliculitis
0ee34d8cc387db6430bba2d2ce793ac9,dermatomyositis
e64bc4a3e3dfc2db301f0b8c64253da5,dermatofibroma
7680cf6433be49fb7ed5964e7c1ed440,dermatomyositis
858266d175faa1b034d19d4257b057fd,kaposi-sarcoma
f15bc382e70cb3a1daec7092a79f4749,basal-cell-carcinoma-morpheiform
26628fb7dc4341b5ac2ef37525925fe0,melanoma
608183886586661fbb2a422d4740c2e2,acne-vulgaris
cd12cedc926b8e738da66bd973c187bf,actinic-keratosis
576d835921aceb16eea483aa84fc138a,melanoma
67f3fd31b44095d4a74fbe9a08f47ff2,eczema
97034f3205e0233858e4bbe46dfbfea9,basal-cell-carcinoma
f5d90ff7e670fa17a58c43eeb33d4b6a,acne-vulgaris
226e024f7a2e67c70cd8e51fdd4edf33,keloid
074d596348f9974d5fde86afa06fa605,squamous-cell-carcinoma
39b1853bbd7aee8beb2bd4be5bf0f922,squamous-cell-carcinoma
c118e1b0b179f299b4a814d78059c137,kaposi-sarcoma
7bdd5725a6224a1fa18bcdb1b391aae4,acne-vulgaris
05eae8b3cf51683f62e9dcedd403c9ac,squamous-cell-carcinoma
d799c42032899b30e39a5ce95c27f098,eczema
a46600f349cf11b5ce8661cabf178eb8,melanoma
66a4c312027be32485642a2d0232ac4a,actinic-keratosis
3bc997188f8c7966cebd6e6d92eca463,acne-vulgaris
f328d6f95f589aab72ec36989dc0ccd0,basal-cell-carcinoma-morpheiform
11f45cfda08e482b02f52701a461e4aa,dyshidrotic-eczema
ea5648a14a8e056d04c8ea29979b6423,kaposi-sarcoma
a872cc7aa5956ed1085246c27afdc7c6,actinic-keratosis
cf7826024d17bb34a91a1ab10f490413,basal-cell-carcinoma-morpheiform
c69b810bbe5c2eb7785daa9af3f2b5f8,dyshidrotic-eczema
e1a083092c7217fb3b5ee52b0b1b4099,squamous-cell-carcinoma
aff8f8833189c8c6fff40c65f441f37f,kaposi-sarcoma
ac8651d882e7b28e886479882460b900,acne-vulgaris
8befc3a0c8600e273977e3a8888a802f,acne-vulgaris
514d66c5bfd013ff057365fcd5c995f2,kaposi-sarcoma
74c640f21d94d59eec3ac37cebaedd2d,basal-cell-carcinoma-morpheiform
4ac07b83e993297cb8ef4efa00212fce,acne-vulgaris
88bb9e052bf49f466ecb38b3e4c144fa,pyogenic-granuloma
f7e7fb15ba1bfabcf68bcd62528f76a8,melanoma
2ecf3527cc84f9669aaa132a1662a5c1,eczema
338772cc570ce83a7cca87638bcbc40b,kaposi-sarcoma
e46b53d55aabf62f40feab5ee9923e0c,eczema
600fa1053d015e9110a3ed7888e3c7d8,basal-cell-carcinoma
eae8d8e779633f16b622bac6a56f59ed,melanoma
d99a2222ae2135cf712dd65cad4fddeb,eczema
dfe9c7803470268beb725d483ba359d5,epidermal-nevus
e0764158441e95f9d96fc3b9f1155673,melanoma
deb7f9173d96ad9562d8957eccaeb2a7,prurigo-nodularis
f9bddb7ca61918b457111494fbb48d4f,basal-cell-carcinoma
7ce754f03f84fd070e60a316ef4a9b5e,actinic-keratosis
032a4ac5c1a3a8a90f6e7aede2d1ab64,kaposi-sarcoma
ad94730f787cc90b11c25655c41366b6,malignant-melanoma
ee3bd45a4cd01884aa1576f96148333f,acne
d01ee1734e42fb0e876e2b872d0e1145,melanoma
5a7aa71b77edee5c2b60114edd6a2031,acne-vulgaris
de6cf23194c8c4f4a226eb9faa0196ba,actinic-keratosis
8f04cf235f73d01c0c767f0c36277c86,actinic-keratosis
eb24443c9a18e1f53b7de1e1feef9ec0,superficial-spreading-melanoma-ssm
0f9899775f4ce2efa31ae2704361db38,kaposi-sarcoma
33184eb4424abaf46843d89c4c408552,dermatomyositis
c0d87b8dc5b8419b85c8fa07517007fd,melanoma
97e6abb7e279b5ca10f72deb36e3f50d,melanoma
3493941ada3b6fdc44f3546b22f20d50,acne-vulgaris
b038031ca3676636d80212f1325ddca1,actinic-keratosis
c44e25fd99c63aff7bf21ccb01e9330a,pyogenic-granuloma
6d2fb27bbaf2691ea85fa2ad7f334060,melanoma
534efa4991400aa326f3ddadbe961225,melanoma
803b6ec758c8fd85f2cf9fa2f86e01ff,actinic-keratosis
34ca72684487fafccfe617f7294d6938,actinic-keratosis
44df5dceb5722eeaac76f8957926ae0a,eczema
39caa210f24486000791251976b55f08,basal-cell-carcinoma-morpheiform
c23144bedb535e724933393a1c32dde4,pyogenic-granuloma
d2c2e6f0a67967d79e77e58808183168,basal-cell-carcinoma-morpheiform
e789130a814619c1773eef86435153aa,kaposi-sarcoma
975468f25b1a1c1f7465fd56453f83a2,acne-vulgaris
989def5053f967a52780018e95c65b09,melanoma
acd3aa9405d92f6395ae33cfbc9e32f0,dermatomyositis
df8387df4697ebb509e2dfc7d4c0bfb7,kaposi-sarcoma
e3dce91b73fb5259fdcf32c9ac711958,kaposi-sarcoma
1d78d91cb196cb45b40c615cbf7a94ff,basal-cell-carcinoma
5ebf2926c88d2a8b5411ae057705a5ac,dermatomyositis
99ef4fda3446d9504911973502a66e81,eczema
eefcaa4061e195fa602680a763c5e79a,dyshidrotic-eczema
a5ada31a7c9cfbc58ff478d092a015b6,melanoma
7200dfb344d1c161b36c83598445e35d,melanoma
66f46297056511b1057d5c31ad7acd23,dermatomyositis
f994265c88c732c182c8ceb54be62755,actinic-keratosis
3c50f209d0d5c01b5bf6ac2e47059211,squamous-cell-carcinoma
0ca7391635dab0884c85a1d929e723aa,dermatomyositis
192c8a174e6f594b44cdd00dd9f73d44,dermatomyositis
af2a68fe083b47f59589f2096043aa39,kaposi-sarcoma
99dace5207bb65ce934451c7089e36df,superficial-spreading-melanoma-ssm
be14688ebedce7b2609d621e98b9bd77,epidermal-nevus
04672ea146d9dbc081cf63c160c7dfa0,melanoma
13aa381871e7b7acd8bd340db1e99e45,dermatomyositis
56c7427df79c37d0602a2797539ca761,malignant-melanoma
bb4f6bd8661b8f0a52ccaef5f2fc5b56,melanoma
9313cd83e63de37e82a3b69b31776b45,dyshidrotic-eczema
132fe9a3f576acc03bfd96ccd4b43783,malignant-melanoma
44b0916f218f564db263ff46a009d212,dyshidrotic-eczema
5dc56924d6d68e2ee3d0dbc2abbab859,eczema
e36c56d8bd72bb8a61cae60e63327a44,seborrheic-keratosis
b50a802b6d5e458e6d6e446b6cee35d9,malignant-melanoma
7912ab0cf1c1a04708f78e68ebee8d34,melanoma
abf8662ae84390242bafecaa324d02b2,kaposi-sarcoma
bf74c80811a674d498e6fc30eada833c,melanoma
406cacfb22eaa42f6eda4bf27aa5b081,dyshidrotic-eczema
3834f2b1138b376486087b355da6dbad,squamous-cell-carcinoma
4d43d8ea8c6102ec7d6c66dcf0e78006,basal-cell-carcinoma-morpheiform
47fdee8c6edf33214c50371b27554356,eczema
6a3640f5914cf269372e4e28f7df12c4,basal-cell-carcinoma
0845ab554de878a73549aedc9dea3ce3,actinic-keratosis
32dc52b5114e1aac6dab9fca50a6746a,dermatofibroma
69ff175300cf6db570894f58aff1a957,kaposi-sarcoma
7cd7825d7ff3127c85ae8be0b036c8f7,dyshidrotic-eczema
88ef7d63d110d99870114f0ff018806a,actinic-keratosis
cbec7911985d8ac1b2b84a6b0cffca14,basal-cell-carcinoma-morpheiform
ddb15beb69fc4276b74a948a00eed2c8,epidermal-nevus
1bd0b39996792be32b7ed241117f121d,superficial-spreading-melanoma-ssm
c3994c3b7fc8f7f537ce70972618c80d,melanoma
818305b5990c64134e480814b182d382,kaposi-sarcoma
d5d0521e54f4ea7e4d9f20004af9c36a,melanoma
30e6f943452facf1ffbed708e645f4b8,melanoma
685207f1b77135e0fd5dfe6866bf658b,actinic-keratosis
39bef78824cddba30883954d4f12c6e0,melanoma
55e6df1b86dc62c4f5df159845193e17,squamous-cell-carcinoma
0d9b3b69f19baf1b3db887dfbacafb26,melanoma
2017a2789790c2ae724917624752ae5e,acne-vulgaris
90749d71571a4caae55cb226918d68c9,dermatofibroma
8ef5d5a7bb6885ec41ec53df40fbfee7,keloid
1a0045ce41534142bd6aa55b22bc4a91,actinic-keratosis
aae985ea64da012e048edd7dbb75ec21,actinic-keratosis
2c658f5384d52f4c0943335694b10fc0,squamous-cell-carcinoma
4b3198562de3a684002fedc551a72c90,dermatomyositis
dd3243a389c424fdd01d1aee5cc21926,dyshidrotic-eczema
60f79f88cbb999246aea835979d1c1db,dermatomyositis
a4bd02ffa70ff94c6c0d4e8f3c412b81,dermatomyositis
15e4e61777fdee377d7a930c224939d0,kaposi-sarcoma
1225748569e2495256edb1f615dab952,dermatomyositis
2e8d80b36e871b1ff2b0b9ef8c8532f8,squamous-cell-carcinoma
828905f40c3d86fa5ec2f45dc2782338,acne-vulgaris
e734481a48634d1df0a307ec8bbb5c35,basal-cell-carcinoma
5f6bf606eaef0ac72ec1132558e8160a,kaposi-sarcoma
f1a8ee83b4685293766735b551acea9b,melanoma
975fab05cb8c08459c293ab433080aef,keloid
79aaed87b0076030d5e6893bff164476,melanoma
5bedb7aaeeeb002707f6118df00a564f,eczema
29bb3a16598d5e59c8d065c44ab3fba2,acne-vulgaris
72e9246c83fe4ce50d2d99018043ccc2,acne
3c248f623e262cadd1a608642df1934b,acne
7744e1517bbd73991b2adbd3c7d54a95,kaposi-sarcoma
15a259f7d6ba10129c0cc837d551a5b8,melanoma
b580a075146386af3e2cfb6c8b026a40,basal-cell-carcinoma-morpheiform
33ad4f24bc2f4e0fff7ffc8cab93cb05,actinic-keratosis
d0b0400c882ead562db99693b7548504,kaposi-sarcoma
46e8e18c64c228c71550ae4f50a92036,dermatomyositis
e109b50181f4e44bfde938f7f6e5d464,superficial-spreading-melanoma-ssm
13e27cd3114abb74f2321ee34e5417ba,actinic-keratosis
cc9f5bb6c07dc73c4be775e3bfa07bf0,actinic-keratosis
eff97945f1197b87aed23d64f2772591,melanoma
771b21cda073e5a293c779aaa7275219,keloid
f8fc75a657dab62d13cf045abb3f47e0,kaposi-sarcoma
a795f04734849b702184bd729ab765ce,dyshidrotic-eczema
0d03469c269b09952112b8d1990257cf,actinic-keratosis
91c13b3c952550f97adc320b51b10557,melanoma
89867feafae04841becf921893861722,dermatomyositis
ad3486c397161bccdf780d2067a852cc,basal-cell-carcinoma
473f3594b1a24ac3109f2ace980b2953,dyshidrotic-eczema
6ed4688c517307e1da50129ece9da64d,actinic-keratosis
4e28e2e586e563db2112ad1afa25fcf0,dermatomyositis
3887855c8303e3c019d89f384140a9f9,melanoma
227aabac4aa7eca8fa4b9fb2abddc5a0,dermatomyositis
90022c24071c11e07fee084bc45d5262,melanoma
a59a72077fe153006d6aeb76c6ce1d0b,kaposi-sarcoma
47cb1bb512da0f22002f75e9f158c6e8,actinic-keratosis
89dd341fe06734db952682b9003fe3a4,squamous-cell-carcinoma
93641798b14fc85f2eb5b9b60d502fcf,actinic-keratosis
a85b61c5f6a321fe1da028b18586fc4b,acne
c0d8acd9fcfc2d99c4c2c58ea1372328,acne-vulgaris
5f789231cfe92cef1737d0da94bfdad2,kaposi-sarcoma
755bf21d14bf061df211b60e58e8e1dd,prurigo-nodularis
856014588573b1b908e3a9d9b124d72a,dyshidrotic-eczema
a60800f82f6a2588e2cf624ad64f2db1,actinic-keratosis
a938b67b207fff9f8b7f4366111e45d4,dermatomyositis
c8f2e70de27ec0f45e7cd3774e86f076,malignant-melanoma
0b008499a165d7d0b5fd92218a7af035,acne-vulgaris
b3bc16cf6e0ce8cc7ee9a78ad45d0617,melanoma
8dfdf2fa78533f3df2c7be96f82a4eb6,kaposi-sarcoma
7cd58d112f623644c0914d53b1e99d5c,melanoma
40b9006b90679ab5560ebe3ce1a589a1,actinic-keratosis
98c8c173707c296687a67fade1e0cc5b,melanoma
71ce907aacb35c6da2b68996843c46b1,eczema
e2b108ec0b0d9df5ad536cfde4fb543f,melanoma
4c4ee394e3bd1da54bdec11874990b30,dyshidrotic-eczema
315ed43d1da403041e34b016bac90381,basal-cell-carcinoma-morpheiform
c84a8774938c008cb188779efa58dd16,dermatomyositis
548ec840d0d93a2e469cd33f6127cd6d,eczema
8cc4868913a30a4143c7b7836e0aa7da,acne-vulgaris
b8837a0285f7c4288c772a079c64fb84,basal-cell-carcinoma
d42fe805398af4dddf6497d346d75996,actinic-keratosis
e89b0dc455f91346e87beb4fdda74b47,kaposi-sarcoma
1a7f5be93d32df0863ffa3115bdd1a63,pyogenic-granuloma
66617b242abb82dcd77cf73970510afa,melanoma
e783339effbc628d8b5392db27ba6716,dyshidrotic-eczema
318c8e5f64892f91b7a0e093457d90b4,acne-vulgaris
62711536b80f9a897c6d5bde4f320397,keloid
eacc89d87bba39db2f6168c1a7a6d117,acne
9b72994999aa4dfa5fe374e71914259f,kaposi-sarcoma
8e14a3fe5101161017215ce4bc75be54,dyshidrotic-eczema
521bec867654c32d592f32f9256c5704,dermatomyositis
9990fde0058d0d25222a084d72985503,actinic-keratosis
7a973c126993a6366636eae00fe17335,acne-vulgaris
3900f18cf0b25ba086d55615155482a8,pyogenic-granuloma
9dbdb8ce93550f25cb2d29ed732e5c34,pyogenic-granuloma
fc00af3afd475aa7679fe83be88b4b8e,melanoma
a1a72809c749cbfb7f886309882b8a13,dyshidrotic-eczema
ec2b2a8155a0c9d54c12a3a1cdce596b,pyogenic-granuloma
4dc08af974e49708c2a572d40c44e1c6,kaposi-sarcoma
064f39810e82e6097f9c187f003ede0a,kaposi-sarcoma
6a42b572581dc870a1cfe3f15e7d5da8,kaposi-sarcoma
78f51ee62e0dfefc87761b95ff662334,dermatomyositis
aa5803ec59d9ffb36bbaaa8dc75a0436,superficial-spreading-melanoma-ssm
3889e119deceb3e9f6b0719ad9431086,melanoma
e10a18206ceaefd148ed1fec42054dd4,basal-cell-carcinoma
3b4eb993fa2701b6da14952ad535d038,kaposi-sarcoma
ae747250b9fcdd75f550f6974ef10429,actinic-keratosis
b6b148041be55b10f5f94abd7ea29307,dermatofibroma
b7ccee8c91bd6ecd6d7ce5b66e4513c2,acne-vulgaris
49ed416e5f1dc646ecbaf99b23b48095,melanoma
cd509e89fbf306cbd9e46574e6bc4391,kaposi-sarcoma
7729a485abc264b1c58a995a49ec7f5b,dyshidrotic-eczema
1bf91a83418fa163a455269a08aa1d86,superficial-spreading-melanoma-ssm
58005ed792a5445438c7f32043d1818b,epidermal-nevus
99a55ba343bf11c3a8e37beb8f023684,superficial-spreading-melanoma-ssm
32d9c78ee47a1d657769da9648857b38,acne-vulgaris
409819704e132fbf1af7972247a61477,keloid
f18b9bd6c541fa3c97e8b4007158dddc,dermatofibroma
2517732be7bf3296d8da4eabb58d1e59,acne-vulgaris
13135f44ed77ea527b70db862a83bd61,basal-cell-carcinoma-morpheiform
6e7bfd02ac7b8fb2c8497250d6f7ce82,melanoma
852b1cbfb924539f2aa31a036ea6b565,dermatofibroma
b4df499e2397da0425aecca6849c55f0,melanoma
306fb95786c67996e75296b97c2c0473,acne
acd57aaf06dc6e19273354f1d8aa9506,kaposi-sarcoma
acf9046d1fb65c2020996133795f9b76,basal-cell-carcinoma-morpheiform
75b1acf21dc90612a70da94372be8889,acne-vulgaris
74c86dff5f96b7fe466e5216d41e6d27,acne-vulgaris
3e01f243986c7b75c3ebe6fb66d0cab2,acne
86daed3da4e51798b6054baba3377f41,basal-cell-carcinoma-morpheiform
543017d891174b7fe9443a4dfa537410,melanoma
f925994eb8367d52a10b74bc5fd88390,dermatomyositis
8d8aaf80f77278f629697ef2f93d01b5,kaposi-sarcoma
977d4b1989e14ca35e800a9d4df52997,kaposi-sarcoma
f711b066923256aee2aa897848b58ece,kaposi-sarcoma
0afbf2ec3f745735dc677ca739055838,folliculitis
cd7b7b0e15d63414409b6f26d376148e,acne-vulgaris
28209338ca3b7687ebd8a4bf7da3a5a0,actinic-keratosis
638cc168f86dcb834cf96af0a6d59f7e,acne
6e9b03c88ecdc1885ad5f1b6586da01d,acne-vulgaris
6f7e7323fc3b1d98c4e3bfe5273f6b92,dermatomyositis
68cd6c2474a38716c149a5e76d383703,melanoma
7064467893a7e67d98d6e8f73957bf4e,keloid
648adc09de37624a92674d2b90d96188,basal-cell-carcinoma
4e21b16f514f906132e7d55825c98117,dyshidrotic-eczema
0639e79ac41e8de5cceee9f84b729b0e,kaposi-sarcoma
d3a72ac99209301ae7910103ac5e0d6d,dermatomyositis
9a7c1451aa6d667b5b4dc11e243f40f5,dermatomyositis
d740f99aa0236f9972d66f0821cf14b0,superficial-spreading-melanoma-ssm
edf35e6b539a3e45719abf48ea368744,melanoma
8314d43be9afcb24935573f5dc11ee64,melanoma
4ba7898548e5321a0f0c5a4a5317386b,basal-cell-carcinoma-morpheiform
dcaccc5096245dd43d67ba2d452225a3,kaposi-sarcoma
8a891f4bfb77344d6ae4d236cb9ac4e5,dermatomyositis
7a0d4f1dd17a52bf9cb542af4c9142af,dyshidrotic-eczema
6cdf26807d52792218193f5bce1a8567,acne
b0e88c354d05bde33ff2799034f6e967,seborrheic-keratosis
0c3e253bc97c4b2402a61bcf693f3848,basal-cell-carcinoma-morpheiform
3d2f1d3763f8335375ab3f51cd2e00c5,basal-cell-carcinoma-morpheiform
a00bc60baeeaf8a9bbef7ce1e9c24dc8,dyshidrotic-eczema
ace306be3c5fea443e7b290a44e0bd87,keloid
402f0c0b3da52105897eadd247cb100e,dermatomyositis
52a99b2202af66856bb6a395e13a4e76,squamous-cell-carcinoma
558b6378ac18ecc0c35d6b33e073d1d2,kaposi-sarcoma
e3c75365688405c937c460e674b37a7b,melanoma
513f39489e5c4ff137116a7f063607d4,actinic-keratosis
763ebb49235a2e20644e8f5a83b94d18,eczema
50203f0e1cc3ccf33cd2cbfdfd475c02,melanoma
e84e4787a90ac8563d72c03f6aa0e1b4,kaposi-sarcoma
1c5adfdbc1c9bda0bc57c328a0ed4b35,kaposi-sarcoma
6e620c3a29ad45715a16799d26589be3,kaposi-sarcoma
c1dd528ef78088a6a2d2a6caf7913fdd,kaposi-sarcoma
6b868b0b74caec29ab51cc950d2179ea,actinic-keratosis
0b37a8a2da16fe77dde52ce6c2e9bb9b,acne
2aa5dac8b5f87535800796c039a818c8,dermatofibroma
cc2bd788c5212e2ec7e0869b9e9279e5,melanoma
dec2d1ae044897a3eae71fae8a9bc154,melanoma
36c7bbdced601b5d9fb1cc7cdc0df7e3,kaposi-sarcoma
4c25a70e58e5bdcba90060add311bf10,acne-vulgaris
0ad35686cc836776ddb21346413d273e,kaposi-sarcoma
e175e74b64691df885e0cdb88f2858e5,eczema
d49f3bcd96238cf5657681a4f1f4efa6,kaposi-sarcoma
37566d4150bbc6080c2dd4ecc7ff9431,dyshidrotic-eczema
c4ea214b9c8cec7349c9d6fceb487191,actinic-keratosis
fa58fbf61665476038029f22054c7f7a,keloid
4de99fdc6b65ce2148d412a39d112768,eczema
22517077a92297c9c87dced4121b1e00,kaposi-sarcoma
2edb9f6c4bd9f045320806d7c18f68a7,actinic-keratosis
4248fc4d507e6ebf3ddc136f1344b05c,keloid
127c095dd4daf67da813ea08e0a814c9,basal-cell-carcinoma-morpheiform
3439269c515260af7ce8530c7f1c693a,acne-vulgaris
ac09be61655dbfbe6f1cb239b4379522,melanoma
6cf10bfb15d43652310bd5ce509069a9,prurigo-nodularis
7e7d72d040485b4c51a37dadba1ae04e,squamous-cell-carcinoma
f1a0afa59c9e2602366067da6fbb9bae,pyogenic-granuloma
691e993248f5ba98fc7be6bede8dc9ac,basal-cell-carcinoma-morpheiform
6f64857e9c143d28a6170bc774706814,prurigo-nodularis
e4b2d2e8706fc69f39d8d2bafeff9cf9,squamous-cell-carcinoma
993841d17697a0ff4c5e60a9c307e483,acne
e59b9adefae0522acced0247d22afff0,dyshidrotic-eczema
85bfb7325d93bac71fcbc08ae0a9ba23,dermatomyositis
981f36951ecaf1d4946b9e196fedc4ec,acne-vulgaris
f17773a2ee06fb5179ed0e56b7235c2a,keloid
400a5262ec66abc4d4a6a92dec155d87,acne-vulgaris
82eed0a4b30c7066ff31e5be4985019a,kaposi-sarcoma
8390f737db746285c7fc204e514dc08e,actinic-keratosis
4c13340c2a4e28252816d39fa018bbc8,actinic-keratosis
d2bac3c9e4499032ca8e9b07c7d3bc40,melanoma
10cacf2e0873ae8f01f0f13202545ff7,squamous-cell-carcinoma
610238a9511e0242eac20a58568dff9b,acne
53320a2cc3e6c7188e040136a9dd6efb,basal-cell-carcinoma
84e466bb6cfd0812bf7c0ccb26132202,melanoma
50153c30ba3b0205caad6f4281929dbf,seborrheic-keratosis
711bc9852c2b8953647ec05bdf318c88,actinic-keratosis
59c60187f6e65c32cbbadbdfc8b8df1d,melanoma
074e696e6cdf066eabf5b68d957487c9,acne-vulgaris
f5530b19c11c6211cfda4e1ab9e4dd91,actinic-keratosis
f7c577c830725a2f27fead729366ef26,acne
e84edfc20dd37c3fce19f0f0e48c0560,acne-vulgaris
5906081fcdc2eece8140e95a95f909f0,kaposi-sarcoma
705631921fe3d1cb05dcdcf9f48fe9a1,squamous-cell-carcinoma
a4b48f03133497b7ff25ec2af7505ef1,melanoma
bc17b2b80667945dbbc470f72b152900,melanoma
cdf5a7c281d7895b19579501cb3fce92,acne-vulgaris
a2bcf7fd08383c3e53c08d9e7dade2b6,keloid
20fa1e49372b9f495b9d7117f4f2d3bc,basal-cell-carcinoma-morpheiform
43a5a3a84961dffd74413ae75d06532c,dermatomyositis
52514f7abd18bb524279c10943916512,melanoma
48a2d3c07db35f6232411a257e7a95e9,melanoma
635cdb6a1cd94c714c8c393adb7c3ac1,keloid
16d1e6b4143c88cb158a50ea8bc3a595,dyshidrotic-eczema
9b82bbff48d88f3bea9d30cfd96606dc,epidermal-nevus
784407f590b259c9edb1270d0aa907d3,acne-vulgaris
dc8b1d07cb9d4b4f4097807e29d045c3,dyshidrotic-eczema
df647be15018b97b3111867a312c0ff5,acne-vulgaris
44bb284877cbebaeb393b2ed07606de5,actinic-keratosis
75902a6dca722dec2c3d9022db3bd244,acne-vulgaris
190822f2e75490299428db99d2f34486,melanoma
4ff1ea06e98ef27ae93b27fbfa384a75,melanoma
1aec33dc780057f576a8064deffe9cc8,melanoma
94144f5fb97cb2b0b631e26c4165f3e1,acne-vulgaris
5ffb0f37439ee5e465139feac2b33010,acne-vulgaris
17671141fadfbc7d358a5e2cc4b98b58,epidermal-nevus
6c12f0e99a7af40789ae5aaf42946d84,eczema
45f7fe0e10214e32e890cad9d29d4811,basal-cell-carcinoma
900c572691e399d8bf78d5bd1f8a74a7,melanoma
3463d25c4b8bc5061a3faa4ca6715537,prurigo-nodularis
5271a8a3db4825d3fc5aad611b58bc9e,actinic-keratosis
efbfcf372e15d12c1f9dfc60224da254,keloid
8ad1a12672261156e2dd3ac462215d76,dermatomyositis
c7cd549009d2ea6752de4fc4c2c02bc2,acne-vulgaris
af6f72e7f32eec84523851ccf9a7ef85,basal-cell-carcinoma-morpheiform
be39fbddbcfc833ce7862e06eaf800ee,keloid
16eec7d9deedb55eb2e71f70aa1f0319,actinic-keratosis
827f0930e7f9bdfb37eb6d53ba5414e2,kaposi-sarcoma
ff02c1d8ed5d771bd450877d2d1658ce,pyogenic-granuloma
8da1461c443aec674f75fada576ef037,acne-vulgaris
ac713d803bfccd03939a4d3a0785491c,eczema
9ca1e7ab5fa2261ecd1a938b635a228f,basal-cell-carcinoma-morpheiform
3c8898cea81673fe523d75dc4a4c0d2d,epidermal-nevus
73850da74e36edc89fc7536763f22b4d,kaposi-sarcoma
9debbcbf24db1cf6c8061531f74dbb0e,squamous-cell-carcinoma
d48ef382ac315465ba4322ca3b660c8f,dermatomyositis
3be7f195269f4cb0a7d2528223971f44,squamous-cell-carcinoma
821787908e9c5f2f757fa7c3351a6785,acne-vulgaris
64ba283eeed948b9af16855140ee78f6,kaposi-sarcoma
2fdb31f6c3f6fc50b96f6607510cc263,dermatomyositis
cf2a6a8eb3f7bba8061b0f4a68ecd23c,basal-cell-carcinoma-morpheiform
263fff0e6333059361ea79dc15c6c6a4,acne-vulgaris
82f57c180f4a89b2fcce489bf47a2074,kaposi-sarcoma
6822f9362f5560a53dfdf79fb77d48b4,superficial-spreading-melanoma-ssm
08447c464a1134284f6e267a3dffdf6f,acne-vulgaris
7cdb2f4ac04b6de441e457165b120d48,melanoma
5456f68e2ad4417d213c0f7df0fab783,dyshidrotic-eczema
281be8ea8723dba5c6a0ab7e3e257d8d,acne-vulgaris
78b51eea155d011fee2e1279a7d19081,squamous-cell-carcinoma
016abe4884715af85cd3f309f93b9641,melanoma
86942c44aa1bf357cc2e8861d02a0c30,actinic-keratosis
31c42f79bb918fe1d8ef35b553e7d8cf,melanoma
bb6ae8c9458a9760ef0be6d2fb6f2bd9,dermatomyositis
270a217e6e961cf405a4ad46a110ff69,prurigo-nodularis
176892dfc10eabf4ad8b1f50ec5df7e5,pyogenic-granuloma
91a4f52d7f99a33ec53d6d695e6c9f4d,acne
8ba5d48405d01accc3a218693a049ae9,dyshidrotic-eczema
e3e180ecaeadef19fd487caab7655316,melanoma
